text,title,artist
Welcome to the “ STARLIGHT PARADE ”,スターライトパレード,SEKAI NO OWARI
星 が 降る 眠れ ない 夜 に,スターライトパレード,SEKAI NO OWARI
もう一度 連れ て 行っ て あの 世界 へ,スターライトパレード,SEKAI NO OWARI
眠れ ない 僕 たち は いつも 夢 の なか,スターライトパレード,SEKAI NO OWARI
太陽 が 沈む 頃 僕ら は また 一 人 だ ね,スターライトパレード,SEKAI NO OWARI
僕 の 一つ の 願い は 綺麗 な 星空 に,スターライトパレード,SEKAI NO OWARI
また 消え て いく ん だ,スターライトパレード,SEKAI NO OWARI
Welcome to the “ STARLIGHT PARADE ”,スターライトパレード,SEKAI NO OWARI
星 が 降る 眠れ ない 夜 に,スターライトパレード,SEKAI NO OWARI
僕 たち を 連れ て 行っ た あの 世界,スターライトパレード,SEKAI NO OWARI
Please take me the “ STARLIGHT PARADE ”,スターライトパレード,SEKAI NO OWARI
星 が 降る 眠れ ない 夜 に,スターライトパレード,SEKAI NO OWARI
もう一度 連れ て 行っ て あの 世界 へ,スターライトパレード,SEKAI NO OWARI
時間 が 止まっ た よう な あの 夜 も,スターライトパレード,SEKAI NO OWARI
笑っ て た 君 は もう ここ に は い ない ん だ ね,スターライトパレード,SEKAI NO OWARI
聖なる 夜 に “ world requiem ” を 謳う と,スターライトパレード,SEKAI NO OWARI
星 に 願う ん だ,スターライトパレード,SEKAI NO OWARI
Welcome to the “ STARLIGHT PARADE ”,スターライトパレード,SEKAI NO OWARI
星 が 降る 眠れ ない 夜 に,スターライトパレード,SEKAI NO OWARI
僕 たち を 連れ て 行っ た あの 世界,スターライトパレード,SEKAI NO OWARI
Please take me the “ STARLIGHT PARADE ”,スターライトパレード,SEKAI NO OWARI
星 が 降る 眠れ ない 夜 に,スターライトパレード,SEKAI NO OWARI
もう一度 連れ て 行っ て あの 世界 へ,スターライトパレード,SEKAI NO OWARI
Welcome to the “ STARLIGHT PARADE ”,スターライトパレード,SEKAI NO OWARI
星 が 降る 眠れ ない 夜 に,スターライトパレード,SEKAI NO OWARI
僕 たち を 連れ て 行っ た あの 世界,スターライトパレード,SEKAI NO OWARI
僕 たち は 探し て いく ん だ,スターライトパレード,SEKAI NO OWARI
夜空 の 星 が 射す 方 へ,スターライトパレード,SEKAI NO OWARI
もう 君 が い なく なっ た この 世界 で,スターライトパレード,SEKAI NO OWARI
それ は まるで 僕 たち の 文明 が 奪っ た,スターライトパレード,SEKAI NO OWARI
夜空 の 光 の 様 に,スターライトパレード,SEKAI NO OWARI
空 は 青く 澄み渡り 海 を 目指し て 歩く,RPG,SEKAI NO OWARI
怖い もの なんて ない 僕ら は もう 一 人 じゃ ない,RPG,SEKAI NO OWARI
大切 な 何 か が 壊れ た あの 夜 に,RPG,SEKAI NO OWARI
僕 は 星 を 探し て 一 人 で 歩い て い た,RPG,SEKAI NO OWARI
ペルセウス 座 流星 群 君 も 見 て た だろ う か,RPG,SEKAI NO OWARI
僕 は 元気 で やっ てる よ 君 は 今 「 ドコ 」 に いる の ？,RPG,SEKAI NO OWARI
「 方法 」 という 悪魔 にとり 憑かれ ない で,RPG,SEKAI NO OWARI
「 目的 」 という 大事 な もの を 思い出し て,RPG,SEKAI NO OWARI
空 は 青く 澄み渡り 海 を 目指し て 歩く,RPG,SEKAI NO OWARI
怖い もの なんて ない 僕ら は もう 一 人 じゃ ない,RPG,SEKAI NO OWARI
空 は 青く 澄み渡り 海 を 目指し て 歩く,RPG,SEKAI NO OWARI
怖く て も 大丈夫 僕ら は もう 一 人 じゃ ない,RPG,SEKAI NO OWARI
大切 な 何 か が 壊れ た あの 夜 に,RPG,SEKAI NO OWARI
僕 は 君 を 探し て 一 人 で 歩い て い た,RPG,SEKAI NO OWARI
あの 日 から 僕ら は 一 人 で 海 を 目指す,RPG,SEKAI NO OWARI
「 約束 の あの 場所 で 必ず また 逢お う 。 」 と,RPG,SEKAI NO OWARI
「 世間 」 という 悪魔 に 惑わさ れ ない で,RPG,SEKAI NO OWARI
自分 だけ が 決め た 「 答 」 を 思い出し て,RPG,SEKAI NO OWARI
空 は 青く 澄み渡り 海 を 目指し て 歩く,RPG,SEKAI NO OWARI
怖い もの なんて ない 僕ら は もう 一 人 じゃ ない,RPG,SEKAI NO OWARI
空 は 青く 澄み渡り 海 を 目指し て 歩く,RPG,SEKAI NO OWARI
怖く て も 大丈夫 僕ら は もう 一 人 じゃ ない,RPG,SEKAI NO OWARI
“ 煌めき ” の よう な 人生 の 中 で,RPG,SEKAI NO OWARI
君 に 出逢え て 僕 は 本当に よかっ た,RPG,SEKAI NO OWARI
街 を 抜け 海 に 出 たら 次 は どこ を 目指そ う か,RPG,SEKAI NO OWARI
僕ら は また 出かけよ う 愛しい この 地球 ( せ かい ) を,RPG,SEKAI NO OWARI
空 は 青く 澄み渡り 海 を 目指し て 歩く,RPG,SEKAI NO OWARI
怖い もの なんて ない 僕ら は もう 一 人 じゃ ない,RPG,SEKAI NO OWARI
空 は 青く 澄み渡り 海 を 目指し て 歩く,RPG,SEKAI NO OWARI
怖く て も 大丈夫 僕ら は もう 一 人 じゃ ない,RPG,SEKAI NO OWARI
今宵 は 百 万 年 に 一 度 太陽 が 沈ん で 夜 が 訪れる 日,Dragon Night,SEKAI NO OWARI
終わり の 来 ない よう な 戦い も 今宵 は 休戦 し て 祝杯 を あげる,Dragon Night,SEKAI NO OWARI
人 は それぞれ 「 正義 」 が あっ て 、 争い 合う の は 仕方 ない の かも 知れ ない,Dragon Night,SEKAI NO OWARI
だけど 僕 の 嫌い な 「 彼 」 も 彼 なり の 理由 が ある と おもう ん だ,Dragon Night,SEKAI NO OWARI
ドラゴン ナイト 今宵 、 僕 たち は 友達 の よう に 歌う だろ う,Dragon Night,SEKAI NO OWARI
ムーンライト 、 スターリースカイ 、 ファイアー バード,Dragon Night,SEKAI NO OWARI
今宵 、 僕 たち は 友達 の よう に 踊る ん だ,Dragon Night,SEKAI NO OWARI
今宵 は 百 万 年 に 一 度 太陽 が 夜 に 遊び に 訪れる 日,Dragon Night,SEKAI NO OWARI
終わり の 来 ない よう な 戦い も 今宵 は 休戦 の 証 の 炎 を ともす,Dragon Night,SEKAI NO OWARI
人 は それぞれ 「 正義 」 が あっ て 、 争い 合う の は 仕方 ない の かも 知れ ない,Dragon Night,SEKAI NO OWARI
だけど 僕 の 「 正義 」 が きっと 彼 を 傷付け て い た ん だ ね,Dragon Night,SEKAI NO OWARI
ドラゴン ナイト 今宵 、 僕 たち は 友達 の よう に 歌う だろ う,Dragon Night,SEKAI NO OWARI
コングラッチュレイション 、 グラッチュレイション 、 グラッチュレイション,Dragon Night,SEKAI NO OWARI
今宵 、 僕 たち の 戦い は 「 終わる 」 ん だ,Dragon Night,SEKAI NO OWARI
ドラゴン ナイト 今宵 、 僕 たち は 友達 の よう に 歌う だろ う,Dragon Night,SEKAI NO OWARI
ムーンライト 、 スターリースカイ 、 ファイアー バード,Dragon Night,SEKAI NO OWARI
今宵 、 僕 たち は 友達 の よう に 踊る ん だ,Dragon Night,SEKAI NO OWARI
ドア の 閉まる 音 カレンダー の 印,サザンカ,SEKAI NO OWARI
部屋 から 聞こえる 君 の 泣き声,サザンカ,SEKAI NO OWARI
逃げる 事 の 方 が 怖い と 君 は 夢 を 追い 続け て き た,サザンカ,SEKAI NO OWARI
努力 が 報わ れ ず 不安 に なっ て,サザンカ,SEKAI NO OWARI
珍しく 僕 に 当たっ たり し て,サザンカ,SEKAI NO OWARI
ここ で 諦め たら 今 まで の 自分 が 可哀想 だ と,サザンカ,SEKAI NO OWARI
君 は 泣い た,サザンカ,SEKAI NO OWARI
夢 を 追う 君 へ,サザンカ,SEKAI NO OWARI
思い出し て つまずい た なら,サザンカ,SEKAI NO OWARI
いつ だって 物語 の 主人公 は 笑わ れる 方 だ,サザンカ,SEKAI NO OWARI
人 を 笑う 方 じゃ ない と 僕 は 思う ん だ よ,サザンカ,SEKAI NO OWARI
誰 より も 転ん で 誰 より も 泣い て,サザンカ,SEKAI NO OWARI
誰 より も 君 は 立ち上がっ て き た,サザンカ,SEKAI NO OWARI
僕 は 知っ てる よ,サザンカ,SEKAI NO OWARI
誰 より も 君 が 一番 輝い てる 瞬間 を,サザンカ,SEKAI NO OWARI
夢 を 追う 君 へ,サザンカ,SEKAI NO OWARI
思い出し て くじけ そう なら,サザンカ,SEKAI NO OWARI
いつ だって 物語 の 主人公 が 立ち上がる 限り,サザンカ,SEKAI NO OWARI
物語 は 続く ん だ,サザンカ,SEKAI NO OWARI
嬉しい のに 涙 が 溢れる の は,サザンカ,SEKAI NO OWARI
君 が 歩ん で き た 道のり を 知っ て いる から,サザンカ,SEKAI NO OWARI
夢 を 追う 君 へ,サザンカ,SEKAI NO OWARI
思い出し て つまずい た なら,サザンカ,SEKAI NO OWARI
いつ だって 物語 の 主人公 は 笑わ れる 方 だ,サザンカ,SEKAI NO OWARI
人 を 笑う 方 じゃ ない,サザンカ,SEKAI NO OWARI
君 なら きっと,サザンカ,SEKAI NO OWARI
君 た ちっ たら 何でもかんでも,Habit,SEKAI NO OWARI
分類 、 区別 、 ジャンル 分け し た がる,Habit,SEKAI NO OWARI
ヒト は なぜ か 分類 し た がる 習性 が ある とか ない とか,Habit,SEKAI NO OWARI
この 世の中 2 種類 の 人間 が いる とか 言う 君たち が 標的,Habit,SEKAI NO OWARI
持っ てる ヤツ と モテ ない やつ とか,Habit,SEKAI NO OWARI
ちゃんと やる ヤツ と ヤッ て ない ヤツ とか,Habit,SEKAI NO OWARI
隠 キャ 陽 キャ ？,Habit,SEKAI NO OWARI
君 ら は 分類 し ない と どうにも 落ち着か ない,Habit,SEKAI NO OWARI
気付か ない 本能 の 外側 を,Habit,SEKAI NO OWARI
覗い て いか ない ？ 気分 が 乗ら ない ？,Habit,SEKAI NO OWARI
つまり それ は そんな シンプル じゃ ない,Habit,SEKAI NO OWARI
もっと 曖昧 で 繊細 で 不明瞭 な ナニカ,Habit,SEKAI NO OWARI
例えば 持っ てる の に 出せ ない ヤツ,Habit,SEKAI NO OWARI
やっ てる のに イケ ない ヤツ,Habit,SEKAI NO OWARI
持っ てる の に 悟っ た ふり し て,Habit,SEKAI NO OWARI
スカ し てる うち に 不安 に なっ ちゃっ たり する ヤツ,Habit,SEKAI NO OWARI
所詮 アンタ は ギフテッド,Habit,SEKAI NO OWARI
アタシ は 普通 の 主婦 です と,Habit,SEKAI NO OWARI
それ は 良い でしょ う ？ 素晴らしい でしょ う ？,Habit,SEKAI NO OWARI
不可能 の 証明 の 完成 な ん じゃ ない ？,Habit,SEKAI NO OWARI
夢 を 持て なんて 言っ て ない,Habit,SEKAI NO OWARI
そんな 無責任 に なり は し ない,Habit,SEKAI NO OWARI
ただ その 習性 に 喰わ れ ない で,Habit,SEKAI NO OWARI
そんな Habit 捨てる 度 見え て くる 君 の 価値,Habit,SEKAI NO OWARI
俺 たち だって 動物,Habit,SEKAI NO OWARI
こ ー ゆ ー の って 好物,Habit,SEKAI NO OWARI
ここ まで 言わ れ たら どう ？,Habit,SEKAI NO OWARI
普通 腹 の 底 から こう ふつふつ と,Habit,SEKAI NO OWARI
俺 たち だって 動物,Habit,SEKAI NO OWARI
故に 持ち 得る Original な 習性,Habit,SEKAI NO OWARI
自分 で 自分 を 分類 する な よ,Habit,SEKAI NO OWARI
壊し て 見せろ よ その Bad Habit,Habit,SEKAI NO OWARI
大人 の 俺 が 言っ ちゃ いけ ない 事 言っ ちゃう けど,Habit,SEKAI NO OWARI
説教 する って ぶっ ちゃ け 快楽,Habit,SEKAI NO OWARI
酒 の 肴 に すりゃ もう 傑作,Habit,SEKAI NO OWARI
で もっ て 君 も 進む キッカケ に なりゃ,Habit,SEKAI NO OWARI
そりゃ それ で Win - Win じゃん ？,Habit,SEKAI NO OWARI
こりゃ これ で 残念 じゃん,Habit,SEKAI NO OWARI
そもそも それ って 君 次第 だ し,Habit,SEKAI NO OWARI
その後 なんか 俺 興味 ない わけ,Habit,SEKAI NO OWARI
この 先君 は どう し たい ？,Habit,SEKAI NO OWARI
って ヒト に 問わ れる 事 自体,Habit,SEKAI NO OWARI
終わり じゃ ない と 信じ たい けど,Habit,SEKAI NO OWARI
そ ー じゃ なきゃ かなり 非常 事態,Habit,SEKAI NO OWARI
君たち が その 分類 さ れ た,Habit,SEKAI NO OWARI
普通 の 箱 で 燻っ てる から さ,Habit,SEKAI NO OWARI
俺 は 人生 イージーモード,Habit,SEKAI NO OWARI
ずっと そこ で 眠っ て て アラサー,Habit,SEKAI NO OWARI
俺 は そもそも スペック が 低い,Habit,SEKAI NO OWARI
だから 足掻い て 足 宛 い て 醜く 吠え た,Habit,SEKAI NO OWARI
俺 の あの 頃 を 分類 し たら,Habit,SEKAI NO OWARI
誰 の 目 から 見 て も 明らか,Habit,SEKAI NO OWARI
すぐ 世の中 、 金 だ とか 、 愛 だ とか 、 運 だ とか 、 縁 だ と か,Habit,SEKAI NO OWARI
なぜ 2 文字 で 片付け ちゃう の,Habit,SEKAI NO OWARI
俺 たち は もっと 曖昧 で,Habit,SEKAI NO OWARI
複雑 で 不明瞭 な ナニカ,Habit,SEKAI NO OWARI
悟っ た ふり し て 驕る な よ,Habit,SEKAI NO OWARI
君 に 君 を 分類 する 能力 なんて ない,Habit,SEKAI NO OWARI
俺 たち だって 動物,Habit,SEKAI NO OWARI
こ ー ゆ ー の って 好物,Habit,SEKAI NO OWARI
ここ まで 言わ れ たら どう ？,Habit,SEKAI NO OWARI
普通 腹 の 底 から こう ふつふつ と,Habit,SEKAI NO OWARI
俺 たち だって 動物,Habit,SEKAI NO OWARI
故に 持ち 得る Original な 習性,Habit,SEKAI NO OWARI
自分 で 自分 を 分類 する な よ,Habit,SEKAI NO OWARI
壊し て 見せろ よ その Bad Habit,Habit,SEKAI NO OWARI
俺 たち だって 動物,Habit,SEKAI NO OWARI
こ ー ゆ ー の って 好物,Habit,SEKAI NO OWARI
ここ まで 言わ れ たら どう ？,Habit,SEKAI NO OWARI
普通 腹 の 底 から こう ふつふつ と,Habit,SEKAI NO OWARI
俺 たち だって 動物,Habit,SEKAI NO OWARI
故に 持ち 得る Original な 習性,Habit,SEKAI NO OWARI
自分 で 自分 を 分類 する な よ,Habit,SEKAI NO OWARI
壊し て 見せろ よ その Bad Habit,Habit,SEKAI NO OWARI
サボり 方 とか 甘え 方 とか 逃げ 方 とか 言い訳 の し 方 とか,のびしろ,Creepy Nuts
やっと 覚え て 来 た 身 に つけ て 来 た 柔らかい 頭,のびしろ,Creepy Nuts
カッコ の つけ 方 調子 の こき 方 腹 の 据え 方 良い 年 の こき 方,のびしろ,Creepy Nuts
脂 乗り に 乗っ た 濁っ た 目 し た だらし ない 身体,のびしろ,Creepy Nuts
嫌わ れ 方 や 慕わ れ 方 や 叱り 方 とか 綺麗 な ぶつかり 方,のびしろ,Creepy Nuts
もっと 覚え たい 事 が 山 の よう に ある … の びしろしか 無い わ,のびしろ,Creepy Nuts
俺 ら まだ の びしろしかないわ,のびしろ,Creepy Nuts
悪者 扱い し て 来 た 街 で,のびしろ,Creepy Nuts
悪者 扱い し て 来 た オトナ へ,のびしろ,Creepy Nuts
変わり ゆく 俺 、 鏡 の 中 へ,のびしろ,Creepy Nuts
尋ね て も 答え なら yeah yeah yeah,のびしろ,Creepy Nuts
去る 者 追わ ない 引く とこ 引い て,のびしろ,Creepy Nuts
丸く 収め たり 軽く いなし て,のびしろ,Creepy Nuts
鏡 の 中 で わろ てる お前,のびしろ,Creepy Nuts
括れ やし なかっ た わ 。 たった の 三 文字 で,のびしろ,Creepy Nuts
日々 重く なる 足取り で,のびしろ,Creepy Nuts
自分 の 歩幅 で 闊歩 し てる,のびしろ,Creepy Nuts
カマ す とこ カマ す,のびしろ,Creepy Nuts
まかす とこ まかす,のびしろ,Creepy Nuts
割 と 適当 な 段取り で,のびしろ,Creepy Nuts
やっと 分かっ て 来 た かも,のびしろ,Creepy Nuts
この ポンコツ の 操縦 の 仕方 を,のびしろ,Creepy Nuts
19 の 時 の 「 ついに 来 た か … 」 より,のびしろ,Creepy Nuts
もっと 清々しい 気持ち,のびしろ,Creepy Nuts
隅田川 に かかる,のびしろ,Creepy Nuts
勝鬨橋 を 渡る,のびしろ,Creepy Nuts
左手 に スカイ ツリー,のびしろ,Creepy Nuts
右手 に 東京 タワー,のびしろ,Creepy Nuts
俺 は その 真ん中,のびしろ,Creepy Nuts
サボり 方 とか 甘え 方 とか 逃げ 方 とか 言い訳 の し 方 とか,のびしろ,Creepy Nuts
やっと 覚え て 来 た 身 に つけ て 来 た 柔らかい 頭,のびしろ,Creepy Nuts
カッコ の つけ 方 調子 の こき 方 腹 の 据え 方 良い 年 の こき 方,のびしろ,Creepy Nuts
脂 乗り に 乗っ た 濁っ た 目 し た だらし ない 身体,のびしろ,Creepy Nuts
幸せ の 体感 速度 は 早く なる ばかり,のびしろ,Creepy Nuts
傷 が 癒え て いく 速度 は 遅く なる ばかり,のびしろ,Creepy Nuts
他人 に 期待 を し ない の が 今 の 俺 の 強み,のびしろ,Creepy Nuts
手負い でも 進める 距離 なら 行く ぜ 騙し 騙し,のびしろ,Creepy Nuts
身の程 を 知る ほど に,のびしろ,Creepy Nuts
胸 を 張り いつも 通り,のびしろ,Creepy Nuts
でも 時に したっ て 良い 背伸び,のびしろ,Creepy Nuts
やっと 「 大人気 ない 」 が 出来る 年,のびしろ,Creepy Nuts
小さな 枠組み ただ の 数字,のびしろ,Creepy Nuts
縛ら れ ず に でも 腹 くくり,のびしろ,Creepy Nuts
あの 日 の 俺 が 立ち止まる,のびしろ,Creepy Nuts
ほど に デカ く そびえ立つ,のびしろ,Creepy Nuts
隅田川 に かかる,のびしろ,Creepy Nuts
勝鬨橋 を 渡る,のびしろ,Creepy Nuts
重なる スカイ ツリー,のびしろ,Creepy Nuts
東京 タワー と 真ん中 の 頼り ない 背中,のびしろ,Creepy Nuts
サボり 方 とか 甘え 方 とか 逃げ 方 とか 言い訳 の し 方 とか,のびしろ,Creepy Nuts
やっと 覚え て 来 た 身 に つけ て 来 た 柔らかい 頭,のびしろ,Creepy Nuts
カッコ の つけ 方 調子 の こき 方 腹 の 据え 方 良い 年 の こき 方,のびしろ,Creepy Nuts
脂 乗り に 乗っ た 濁っ た 目 し た だらし ない 身体,のびしろ,Creepy Nuts
嫌わ れ 方 や 慕わ れ 方 や 叱り 方 とか 綺麗 な ぶつかり 方,のびしろ,Creepy Nuts
覚え たい 事 が 山 の よう に ある … の びしろしか 無い わ,のびしろ,Creepy Nuts
俺 ら まだ の びしろしかないわ,のびしろ,Creepy Nuts
苦手 だ とか 怖い とか 気づか なけれ ば,かつて天才だった俺たちへ,Creepy Nuts
俺 だって ボール と 友達 に なれ た,かつて天才だった俺たちへ,Creepy Nuts
頭 が 悪い とか 思わ なけりゃ,かつて天才だった俺たちへ,Creepy Nuts
きっと フェルマー の 定理 すら 解け た,かつて天才だった俺たちへ,Creepy Nuts
すれ違っ た マサヤ に 笑わ れ なけりゃ,かつて天才だった俺たちへ,Creepy Nuts
ずっと コマ つき の チャリ を こい で た,かつて天才だった俺たちへ,Creepy Nuts
力 が 弱い とか 鈍 臭い とか 知ら なきゃ,かつて天才だった俺たちへ,Creepy Nuts
俺 が 地球 を 守っ て た,かつて天才だった俺たちへ,Creepy Nuts
破り 捨て た あの 落書き や,かつて天才だった俺たちへ,Creepy Nuts
似合わ ない と 言わ れ た 髪型,かつて天才だった俺たちへ,Creepy Nuts
うろ覚え の 下手くそ な 歌 が,かつて天才だった俺たちへ,Creepy Nuts
世界 を 変え た かも …,かつて天才だった俺たちへ,Creepy Nuts
かつて 天才 だっ た 俺 たち へ,かつて天才だった俺たちへ,Creepy Nuts
神童 だっ た 貴方 へ,かつて天才だった俺たちへ,Creepy Nuts
似 た よう な 形 に 整え られ て,かつて天才だった俺たちへ,Creepy Nuts
見る 影 も 無い,かつて天才だった俺たちへ,Creepy Nuts
いまだ かつて,かつて天才だった俺たちへ,Creepy Nuts
ない ほど 入り組ん だ way,かつて天才だった俺たちへ,Creepy Nuts
悩め る だけ 悩め,かつて天才だった俺たちへ,Creepy Nuts
時 が 来 たら か ませ,かつて天才だった俺たちへ,Creepy Nuts
風 まかせ,かつて天才だった俺たちへ,Creepy Nuts
どっちみち いばら の way,かつて天才だった俺たちへ,Creepy Nuts
俺 ら は 大器晩成,かつて天才だった俺たちへ,Creepy Nuts
時 が 来 たら か ませ,かつて天才だった俺たちへ,Creepy Nuts
I wanna be a 勝者,かつて天才だった俺たちへ,Creepy Nuts
I wanna be a 強者,かつて天才だった俺たちへ,Creepy Nuts
まだ 見 ぬ 高み へ 駆け込み 乗車,かつて天才だった俺たちへ,Creepy Nuts
花火 の よう な,かつて天才だった俺たちへ,Creepy Nuts
運命 だろ う が,かつて天才だった俺たちへ,Creepy Nuts
我が身 果てる まで やり きれ そう ya,かつて天才だった俺たちへ,Creepy Nuts
生まれ て この方,かつて天才だった俺たちへ,Creepy Nuts
一体 いくつ 分岐 点 を 見過ごし て 来 た ん だろ う か ？,かつて天才だった俺たちへ,Creepy Nuts
墓場 に 入る まで,かつて天才だった俺たちへ,Creepy Nuts
後 一体 いくつ 可能 性 の 芽 を 摘ん で しまう だろ う か ？,かつて天才だった俺たちへ,Creepy Nuts
稀代 の うつけ 者 or 天下 人,かつて天才だった俺たちへ,Creepy Nuts
or 今 まだ 醜い アヒル の 子,かつて天才だった俺たちへ,Creepy Nuts
ほら どうぞ ご 指導 ご 鞭撻 の 程,かつて天才だった俺たちへ,Creepy Nuts
渡る 世間 の 洗礼 を 浴びる とこ,かつて天才だった俺たちへ,Creepy Nuts
俺 は キャンパス かなり 薄 汚れ た,かつて天才だった俺たちへ,Creepy Nuts
だけど ワンチャンス まだ 余白 は ある さ,かつて天才だった俺たちへ,Creepy Nuts
ちゃっかり 目立っ たり 劣っ たり,かつて天才だった俺たちへ,Creepy Nuts
この 隔たり よ 永遠 に,かつて天才だった俺たちへ,Creepy Nuts
かつて 天才 だっ た 俺 たち へ,かつて天才だった俺たちへ,Creepy Nuts
神童 だっ た 貴方 へ,かつて天才だった俺たちへ,Creepy Nuts
何 に だって なれ た another way,かつて天才だった俺たちへ,Creepy Nuts
まだ 諦め ちゃ い ない,かつて天才だった俺たちへ,Creepy Nuts
いまだ かつて,かつて天才だった俺たちへ,Creepy Nuts
ない ほど 入り組ん だ way,かつて天才だった俺たちへ,Creepy Nuts
悩め る だけ 悩め,かつて天才だった俺たちへ,Creepy Nuts
時 が 来 たら か ませ,かつて天才だった俺たちへ,Creepy Nuts
風 まかせ,かつて天才だった俺たちへ,Creepy Nuts
まぁ どっちみち いばら の way,かつて天才だった俺たちへ,Creepy Nuts
俺 ら は 大器晩成,かつて天才だった俺たちへ,Creepy Nuts
時 が 来 たら か ませ,かつて天才だった俺たちへ,Creepy Nuts
I wanna be a 勝者,かつて天才だった俺たちへ,Creepy Nuts
I wanna be a 強者,かつて天才だった俺たちへ,Creepy Nuts
まだ 見 ぬ 高み へ 駆け込み 乗車,かつて天才だった俺たちへ,Creepy Nuts
花火 の よう な,かつて天才だった俺たちへ,Creepy Nuts
運命 だろ う が,かつて天才だった俺たちへ,Creepy Nuts
我が身 果てる まで やり きれ そう ya,かつて天才だった俺たちへ,Creepy Nuts
お前 は 未だに 広がり 続ける 銀河,かつて天才だった俺たちへ,Creepy Nuts
孫 の 代 まで ずっと フレッシュマン,かつて天才だった俺たちへ,Creepy Nuts
粗 探し が 得意 な お 国柄,かつて天才だった俺たちへ,Creepy Nuts
シカト で かま そう ぜ 金輪際,かつて天才だった俺たちへ,Creepy Nuts
俺 も 未だに 広がり 続ける 銀河,かつて天才だった俺たちへ,Creepy Nuts
今際 の 際 まで ずっと フレッシュマン,かつて天才だった俺たちへ,Creepy Nuts
くたばり 損ね て 冥土 から come back,かつて天才だった俺たちへ,Creepy Nuts
草葉の陰 から ゴンフィンガー,かつて天才だった俺たちへ,Creepy Nuts
無傷 の まま じゃ 居 られ ない,かつて天才だった俺たちへ,Creepy Nuts
変わり 続け て く 多面体,かつて天才だった俺たちへ,Creepy Nuts
その 物差し じゃ 測れ ない 測ら せる 気 も 無い,かつて天才だった俺たちへ,Creepy Nuts
かつて 天才 だっ た 俺 たち へ,かつて天才だった俺たちへ,Creepy Nuts
神童 だっ た 貴方 へ,かつて天才だった俺たちへ,Creepy Nuts
まだ 見 ぬ 明日 へ 羽ばたけ 行く ぜ 12345,かつて天才だった俺たちへ,Creepy Nuts
いまだ かつて,かつて天才だった俺たちへ,Creepy Nuts
ない ほど 入り組ん だ way,かつて天才だった俺たちへ,Creepy Nuts
悩め る だけ 悩め,かつて天才だった俺たちへ,Creepy Nuts
時 が 来 たら か ませ,かつて天才だった俺たちへ,Creepy Nuts
風 まかせ,かつて天才だった俺たちへ,Creepy Nuts
どっちみち いばら の way,かつて天才だった俺たちへ,Creepy Nuts
俺 ら は 大器晩成,かつて天才だった俺たちへ,Creepy Nuts
時 が 来 たら か ませ,かつて天才だった俺たちへ,Creepy Nuts
あの 日 林檎 の 木の下 共犯 で,堕天,Creepy Nuts
踏み越え て み た 境界 線,堕天,Creepy Nuts
すぐ に black out 「 あ 、 お 怒り で … 」,堕天,Creepy Nuts
追い立て られ て こんな 次元 へ,堕天,Creepy Nuts
俺 と し た 事 が …,堕天,Creepy Nuts
俺 如き で すら …,堕天,Creepy Nuts
俺 に 限っ て いや 、 まさか ね …,堕天,Creepy Nuts
君 の せい に し た,堕天,Creepy Nuts
秘密 を 手 に し た,堕天,Creepy Nuts
イチジク の 葉 が 右左,堕天,Creepy Nuts
あっという間 目 が 醒める,堕天,Creepy Nuts
か と 思え ば 空 に 落ち て 行く,堕天,Creepy Nuts
なんと いう か やめ られ ぬ,堕天,Creepy Nuts
もう ひと 齧り … again,堕天,Creepy Nuts
fallin ' falling,堕天,Creepy Nuts
螺旋 状 に 堕ち て ゆく 摩天楼 に,堕天,Creepy Nuts
今 fallin ' falling,堕天,Creepy Nuts
二 人 ぼっ ち 気づか ない,堕天,Creepy Nuts
カーテンコール に も,堕天,Creepy Nuts
( yeah yeah yeah yeah yeah ),堕天,Creepy Nuts
どこ まで も,堕天,Creepy Nuts
( yeah yeah yeah yeah yeah ),堕天,Creepy Nuts
この 身 任せ て,堕天,Creepy Nuts
いつの間に 傷 が 埋まっ て く yeah …,堕天,Creepy Nuts
そこ じゃ 何 から 何 まで ごった煮 で,堕天,Creepy Nuts
鬼 も 仏 も おんなじ 目,堕天,Creepy Nuts
全て shut out どうか し てる ？,堕天,Creepy Nuts
俺 ら ハナ から 大 真面目,堕天,Creepy Nuts
ふりほどい て 来 た,堕天,Creepy Nuts
うし ろ 指 で すら,堕天,Creepy Nuts
むしろ 追い風 さ まだ 足ん ねぇ,堕天,Creepy Nuts
蛇 に 睨ま れ た,堕天,Creepy Nuts
歴史 の 徒花,堕天,Creepy Nuts
エデン に は まだ 「 空 室 あり 」,堕天,Creepy Nuts
あっという間 染め られる,堕天,Creepy Nuts
か と 思え ば 熱 が 醒め て いく,堕天,Creepy Nuts
ちょっと 待っ て その 前 に,堕天,Creepy Nuts
もう ひと 雫 … again,堕天,Creepy Nuts
fallin ' falling,堕天,Creepy Nuts
螺旋 状 に 堕ち て ゆく 摩天楼 に,堕天,Creepy Nuts
今 fallin ' falling,堕天,Creepy Nuts
二 人 ぼっ ち 気づか ない,堕天,Creepy Nuts
カーテンコール に も,堕天,Creepy Nuts
( yeah yeah yeah yeah yeah ),堕天,Creepy Nuts
どこ まで も,堕天,Creepy Nuts
( yeah yeah yeah yeah yeah ),堕天,Creepy Nuts
この 身 任せ て,堕天,Creepy Nuts
いつの間に 傷 が 埋まっ て く yeah …,堕天,Creepy Nuts
… again,堕天,Creepy Nuts
fallin ' falling,堕天,Creepy Nuts
螺旋 状 に 堕ち て ゆく 摩天楼 に,堕天,Creepy Nuts
今 fallin ' falling,堕天,Creepy Nuts
二 人 ぼっ ち 気づか ない,堕天,Creepy Nuts
カーテンコール に も,堕天,Creepy Nuts
( yeah yeah yeah yeah yeah ),堕天,Creepy Nuts
どこ まで も,堕天,Creepy Nuts
( yeah yeah yeah yeah yeah ),堕天,Creepy Nuts
この 身 任せ て,堕天,Creepy Nuts
いつの間に 傷 が 埋まっ て く,堕天,Creepy Nuts
この 血 が 冷め ない うち に 飲み干し て,堕天,Creepy Nuts
眩暈 する ほど 気取っ て,堕天,Creepy Nuts
取り留め ない 出会い に 色付け て,堕天,Creepy Nuts
この 目 が 醒め ない うち に 憑 り 込ん で,堕天,Creepy Nuts
狭い 空 ごと 突き抜け て falling …,堕天,Creepy Nuts
蜜 の 味 二 人 ハマっ て く yeah,堕天,Creepy Nuts
チート 、 gifted 、 荒 技 、 wanted,Bling-Bang-Bang-Born,Creepy Nuts
禁忌 、 禁じ 手 、 明らか 盲点,Bling-Bang-Bang-Born,Creepy Nuts
反則 、 異 次元 、 この世 の もん で は 無い です,Bling-Bang-Bang-Born,Creepy Nuts
無理 ゲー 、 それ 聞い て ない って …,Bling-Bang-Bang-Born,Creepy Nuts
ay ライバル 口 を 揃え て,Bling-Bang-Bang-Born,Creepy Nuts
wow ライバル 口 を 揃え て,Bling-Bang-Bang-Born,Creepy Nuts
バグ で 、 まぐれ 、 認め ね ーゼッテー,Bling-Bang-Bang-Born,Creepy Nuts
マジ で ？ コレ お ま … 全部 生身 で ？,Bling-Bang-Bang-Born,Creepy Nuts
It ' s 生身 It ' s 生身 yeah yeah yeah yeah,Bling-Bang-Bang-Born,Creepy Nuts
"Bling - Bang - Bang , Bling - Bang - Bang - Born …",Bling-Bang-Bang-Born,Creepy Nuts
"Bling - Bang - Bang , Bling - Bang - Bang - Born …",Bling-Bang-Bang-Born,Creepy Nuts
実力 を 発揮 し 切る 前 に,Bling-Bang-Bang-Born,Creepy Nuts
相手 の 方 が バック れ て く らしい,Bling-Bang-Bang-Born,Creepy Nuts
上がり 切る ハードル very happy,Bling-Bang-Bang-Born,Creepy Nuts
あきらか に ダントツ で ピカ イチ,Bling-Bang-Bang-Born,Creepy Nuts
相変わらず 脱皮 し てる 毎日 ( Bling Bling … ),Bling-Bang-Bang-Born,Creepy Nuts
誰 の 七光 も 要ら ない お前 の ice より icy,Bling-Bang-Bang-Born,Creepy Nuts
俺 、 パッ と 見 出来 ない 事 ばっかり だ けど very happy,Bling-Bang-Bang-Born,Creepy Nuts
あ 、 キレ てる … 呆れ てる 周り,Bling-Bang-Bang-Born,Creepy Nuts
恵まれ てる 家族 友達 ( happy ),Bling-Bang-Bang-Born,Creepy Nuts
もう 反則 的 立ち 位置 、 皆 俺 に 任せ とけ ば 良い ( Bang Bang Bang ),Bling-Bang-Bang-Born,Creepy Nuts
教科書 に 無い 、 問題 集 に 無い,Bling-Bang-Bang-Born,Creepy Nuts
超 BAD な 呪 ( まじ な ) い listen,Bling-Bang-Bang-Born,Creepy Nuts
鏡 よ 鏡 答え ちゃっ て,Bling-Bang-Bang-Born,Creepy Nuts
Who ' s the best ？ I ' m the best ！ Oh yeah,Bling-Bang-Bang-Born,Creepy Nuts
生身 の まま 行ける とこ まで,Bling-Bang-Bang-Born,Creepy Nuts
"To the next , To the 1 番 上",Bling-Bang-Bang-Born,Creepy Nuts
now singin ',Bling-Bang-Bang-Born,Creepy Nuts
"Bling - Bang - Bang , Bling - Bang - Bang , Bling - Bang - BangBorn …",Bling-Bang-Bang-Born,Creepy Nuts
"Bling - Bang - Bang , Bling - Bang - Bang , Bling - Bang - BangBorn …",Bling-Bang-Bang-Born,Creepy Nuts
"Bling - Bang - Bang , Bling - Bang - Bang , Bling - Bang - BangBorn …",Bling-Bang-Bang-Born,Creepy Nuts
"To the next , To the 1 番 上",Bling-Bang-Bang-Born,Creepy Nuts
Eyday 俺 の まま で 居る だけ で 超 flex,Bling-Bang-Bang-Born,Creepy Nuts
Eyday 誰 も 口 を 挟め ない ( don ' t test ),Bling-Bang-Bang-Born,Creepy Nuts
Eyday 俺 の まま で 居る だけ で 超 flex,Bling-Bang-Bang-Born,Creepy Nuts
Eyday 誰 も 口 を 挟ま せ ない ( don ' t test ),Bling-Bang-Bang-Born,Creepy Nuts
学歴 も 無い 前科 も 無い 余裕 で Bling - Bling,Bling-Bang-Bang-Born,Creepy Nuts
この 存在 自体 が 文化財 な 脳味噌 Bling - Bling,Bling-Bang-Bang-Born,Creepy Nuts
高級 車 は 買える 免許 は 無い 愛車 Green Green,Bling-Bang-Bang-Born,Creepy Nuts
全国 各地 揺らす 逸品,Bling-Bang-Bang-Born,Creepy Nuts
この ベロ が Bling - Bling,Bling-Bang-Bang-Born,Creepy Nuts
バレット なら 満 タン,Bling-Bang-Bang-Born,Creepy Nuts
関西 訛り 生身 の コトダマ,Bling-Bang-Bang-Born,Creepy Nuts
音楽 、 幸運 、 勝利 の 女神 、 今宵 も 三股 Bang Bang,Bling-Bang-Bang-Born,Creepy Nuts
漫画 みたい な 輩 と まんま で 張り あえ て しまっ てる 漫画,Bling-Bang-Bang-Born,Creepy Nuts
圧倒的 チカラ この 頭 と 口 から,Bling-Bang-Bang-Born,Creepy Nuts
この 身体 tattoo は 入っ て 無い,Bling-Bang-Bang-Born,Creepy Nuts
この ツラ に 傷 も つい て 無い,Bling-Bang-Bang-Born,Creepy Nuts
繰り返し やらかし て く ダメージ が,Bling-Bang-Bang-Born,Creepy Nuts
イカ つい 年輪 を 刻む 皺,Bling-Bang-Bang-Born,Creepy Nuts
"Bling - Bang - Bang , Bling - Bang - Bang , Bling - Bang - BangBorn …",Bling-Bang-Bang-Born,Creepy Nuts
俺 の まま で Bling し て Bang し て Bang する 為 に Born し て 来 た ニッポン,Bling-Bang-Bang-Born,Creepy Nuts
鏡 よ 鏡 答え ちゃっ て,Bling-Bang-Bang-Born,Creepy Nuts
Who ' s the best ？ I ' m the best ！ Oh yeah,Bling-Bang-Bang-Born,Creepy Nuts
生身 の まま 行ける とこ まで,Bling-Bang-Bang-Born,Creepy Nuts
"To the next , To the 1 番 上",Bling-Bang-Bang-Born,Creepy Nuts
now singin ',Bling-Bang-Bang-Born,Creepy Nuts
"Bling - Bang - Bang , Bling - Bang - Bang , Bling - Bang - BangBorn …",Bling-Bang-Bang-Born,Creepy Nuts
"Bling - Bang - Bang , Bling - Bang - Bang , Bling - Bang - BangBorn …",Bling-Bang-Bang-Born,Creepy Nuts
"Bling - Bang - Bang , Bling - Bang - Bang , Bling - Bang - BangBorn …",Bling-Bang-Bang-Born,Creepy Nuts
"To the next , To the 1 番 上",Bling-Bang-Bang-Born,Creepy Nuts
Eyday 俺 の まま で 居る だけ で 超 flex,Bling-Bang-Bang-Born,Creepy Nuts
Eyday 誰 も 口 を 挟め ない ( don ' t test ),Bling-Bang-Bang-Born,Creepy Nuts
Eyday 俺 の まま で 居る だけ で 超 flex,Bling-Bang-Bang-Born,Creepy Nuts
Eyday 誰 も 口 を 挟ま せ ない ( don ' t test ),Bling-Bang-Bang-Born,Creepy Nuts
ダンダダンダンダダンダンダダンダンダダン …,オトノケ,Creepy Nuts
諦め の 悪い 輩,オトノケ,Creepy Nuts
アンタ ら なんか じゃ 束 なっ て も 敵 わん,オトノケ,Creepy Nuts
くわ ば らく わ ばら くわ ばら 目 に も 止まら ん 速 さ,オトノケ,Creepy Nuts
くたばら ん 黙ら ん 下 がらん 押し通す 我儘,オトノケ,Creepy Nuts
そこ どき な 邪魔 だ 俺 は もう 1 人 の 貴方,オトノケ,Creepy Nuts
貞 ちゃん 伽 椰 ちゃん わんさ か 黄泉 の 国 wonderland,オトノケ,Creepy Nuts
御 祈祷 中 に 何 だ が 4 時 44 分 まわっ たら,オトノケ,Creepy Nuts
四 尺 四 寸 四 分 様 が カミナッチャ bang around,オトノケ,Creepy Nuts
呼ぶ 声 が し た ん なら 文字通り お 憑かれ さま やん …,オトノケ,Creepy Nuts
ハイレタハイレタハイレタハイレタハイレタ,オトノケ,Creepy Nuts
必死 で 這い 出 た 先 で 霧 は 晴れ た,オトノケ,Creepy Nuts
デコ と ボコ が 上手く 噛み合っ たら,オトノケ,Creepy Nuts
痛み が 重なっ たら,オトノケ,Creepy Nuts
ココロカラダアタマ,オトノケ,Creepy Nuts
みなぎっ て ゆく 何 だ か,オトノケ,Creepy Nuts
背中 に 今 羽 が 生え た なら ば,オトノケ,Creepy Nuts
暗闇 から おさらば,オトノケ,Creepy Nuts
飛び立っ て いく 彼方,オトノケ,Creepy Nuts
ココロカラダアタマ,オトノケ,Creepy Nuts
懐かしい 暖か さ,オトノケ,Creepy Nuts
足元 に 今 花 が 咲い た なら ば,オトノケ,Creepy Nuts
暗闇 から おさらば,オトノケ,Creepy Nuts
飛び立っ て いく 彼方,オトノケ,Creepy Nuts
何 度 だって 生きる,オトノケ,Creepy Nuts
お前 や 君 の 中,オトノケ,Creepy Nuts
瞼 の 裏 や 耳 の 中,オトノケ,Creepy Nuts
胸 の 奥 に 居着い てる メロディー 、 リズム に,オトノケ,Creepy Nuts
ダンダダンダンダダンダンダダンダンダダン …,オトノケ,Creepy Nuts
今日 も 賽の河原 ど 真ん中,オトノケ,Creepy Nuts
積み上げ て く top of top,オトノケ,Creepy Nuts
鬼 と チャン バラ,オトノケ,Creepy Nuts
the lyrical chainsaw massacre,オトノケ,Creepy Nuts
渡る 大 海原,オトノケ,Creepy Nuts
鼻歌 singin ' sha - la - la,オトノケ,Creepy Nuts
祓い たい の なら 末代 まで の 札束 ( okay ？),オトノケ,Creepy Nuts
誰 が 開い た か 禁 ( パン ) 后 ( ドラ ) 後 は 何 が あっ て も 知ら ん が な,オトノケ,Creepy Nuts
何 百 年 待っ た か 超 久しぶり の 娑婆 だ,オトノケ,Creepy Nuts
ガキ や 若葉,オトノケ,Creepy Nuts
まだ コッチ 来ん じゃ ねー よ バカ が,オトノケ,Creepy Nuts
今 確か に 目 が 合っ た な,オトノケ,Creepy Nuts
こ ー ゆ ー こと か よ … シャマラン …,オトノケ,Creepy Nuts
ハイレタハイレタハイレタハイレタハイレタ,オトノケ,Creepy Nuts
眠り 飽き た 先 で 君 が 待っ て た,オトノケ,Creepy Nuts
盾 と 矛 が 肩 を 抱き合っ たら,オトノケ,Creepy Nuts
怒り が 消え去っ たら,オトノケ,Creepy Nuts
ココロカラダアタマ,オトノケ,Creepy Nuts
みなぎっ て ゆく 何 だ か,オトノケ,Creepy Nuts
背中 に 今 羽 が 生え た なら ば,オトノケ,Creepy Nuts
暗闇 から おさらば,オトノケ,Creepy Nuts
飛び立っ て いく 彼方,オトノケ,Creepy Nuts
ココロカラダアタマ,オトノケ,Creepy Nuts
懐かしい 暖か さ,オトノケ,Creepy Nuts
足元 に 今 花 が 咲い た なら ば,オトノケ,Creepy Nuts
暗闇 から おさらば,オトノケ,Creepy Nuts
飛び立っ て いく 彼方,オトノケ,Creepy Nuts
何 度 だって 生きる,オトノケ,Creepy Nuts
お前 や 君 の 中,オトノケ,Creepy Nuts
瞼 の 裏 や 耳 の 中,オトノケ,Creepy Nuts
胸 の 奥 に 居着い てる メロディー 、 リズム に,オトノケ,Creepy Nuts
ダンダダンダンダダンダンダダンダンダダン …,オトノケ,Creepy Nuts
夜 に 浮かん で い た,ただ君に晴れ,ヨルシカ
海月 の よう な 月 が 爆ぜ た,ただ君に晴れ,ヨルシカ
バス停 の 背 を 覗け ば,ただ君に晴れ,ヨルシカ
あの 夏 の 君 が 頭 に いる,ただ君に晴れ,ヨルシカ
だけ,ただ君に晴れ,ヨルシカ
鳥居 乾い た 雲 夏 の 匂い が 頬 を 撫でる,ただ君に晴れ,ヨルシカ
大人 に なる まで ほら 、 背伸び し た まま で,ただ君に晴れ,ヨルシカ
遊び 疲れ たら バス停 裏 で 空 でも 見よ う,ただ君に晴れ,ヨルシカ
じき に 夏 が 暮れ て も,ただ君に晴れ,ヨルシカ
きっと きっと 覚え てる から,ただ君に晴れ,ヨルシカ
追いつけ ない まま 大人 に なっ て,ただ君に晴れ,ヨルシカ
君 の ポケット に 夜 が 咲く,ただ君に晴れ,ヨルシカ
口 に 出せ ない なら 僕 は 一 人 だ,ただ君に晴れ,ヨルシカ
それで いい から もう 諦め てる,ただ君に晴れ,ヨルシカ
だけ,ただ君に晴れ,ヨルシカ
夏 日 乾い た 雲 山桜 桃 梅 錆び た 標識,ただ君に晴れ,ヨルシカ
記憶 の 中 は いつも 夏 の 匂い が する,ただ君に晴れ,ヨルシカ
写真 なんて 紙切れ だ,ただ君に晴れ,ヨルシカ
思い出 なんて ただ の 塵 だ,ただ君に晴れ,ヨルシカ
それ が わから ない から 、 口 を 噤ん だ まま,ただ君に晴れ,ヨルシカ
絶えず 君 の いこ ふ 記憶 に 夏野 の 石 一つ,ただ君に晴れ,ヨルシカ
俯い た まま 大人 に なっ て,ただ君に晴れ,ヨルシカ
追いつけ ない ただ 君 に 晴れ,ただ君に晴れ,ヨルシカ
口 に 出せ ない まま 坂 を 上っ た,ただ君に晴れ,ヨルシカ
僕ら の 影 に 夜 が 咲い て いく,ただ君に晴れ,ヨルシカ
俯い た まま 大人 に なっ た,ただ君に晴れ,ヨルシカ
君 が 思う まま 手 を 叩け,ただ君に晴れ,ヨルシカ
陽 の 落ちる 坂道 を 上っ て,ただ君に晴れ,ヨルシカ
僕ら の 影 は,ただ君に晴れ,ヨルシカ
追いつけ ない まま 大人 に なっ て,ただ君に晴れ,ヨルシカ
君 の ポケット に 夜 が 咲く,ただ君に晴れ,ヨルシカ
口 に 出せ なく て も 僕ら 一つ だ,ただ君に晴れ,ヨルシカ
それで いい だろ 、 もう,ただ君に晴れ,ヨルシカ
君 の 想い出 を 噛み締め てる だけ,ただ君に晴れ,ヨルシカ
考え た って わから ない し,だから僕は音楽を辞めた,ヨルシカ
青空 の 下 、 君 を 待っ た,だから僕は音楽を辞めた,ヨルシカ
風 が 吹い た 正午 、 昼下がり を 抜け出す 想像,だから僕は音楽を辞めた,ヨルシカ
ねぇ 、 これから どう なる ん だろ う ね,だから僕は音楽を辞めた,ヨルシカ
進め方 教わら ない ん だ よ,だから僕は音楽を辞めた,ヨルシカ
君 の 目 を 見 た 何 も 言え ず 僕 は 歩い た,だから僕は音楽を辞めた,ヨルシカ
考え た って わから ない し,だから僕は音楽を辞めた,ヨルシカ
青春 なんて つまらない し,だから僕は音楽を辞めた,ヨルシカ
辞め た 筈 の ピアノ 、 机 を 弾く 癖 が 抜け ない,だから僕は音楽を辞めた,ヨルシカ
ねぇ 、 将来 何 し てる だろ う ね,だから僕は音楽を辞めた,ヨルシカ
音楽 は し て ない と いい ね,だから僕は音楽を辞めた,ヨルシカ
困ら ない で よ,だから僕は音楽を辞めた,ヨルシカ
心 の 中 に 一つ 線 を 引い て も,だから僕は音楽を辞めた,ヨルシカ
どうしても 消え なかっ た 今更 な ん だ から,だから僕は音楽を辞めた,ヨルシカ
なぁ 、 もう 思い出す な,だから僕は音楽を辞めた,ヨルシカ
間違っ てる ん だ よ,だから僕は音楽を辞めた,ヨルシカ
わかっ て ない よ 、 あん たら 人間 も,だから僕は音楽を辞めた,ヨルシカ
本当 も 愛 も 世界 も 苦し さ も 人生 も どう でも いい よ,だから僕は音楽を辞めた,ヨルシカ
正しい か どうか 知り たい の だって 防衛 本能 だ,だから僕は音楽を辞めた,ヨルシカ
考え た ん だ あんた の せい だ,だから僕は音楽を辞めた,ヨルシカ
考え た って わから ない が 、 本当に 年老い たく ない ん だ,だから僕は音楽を辞めた,ヨルシカ
いつか 死ん だら って 思う だけ で 胸 が 空っぽ に なる ん だ,だから僕は音楽を辞めた,ヨルシカ
将来 何 し てる だろ う って,だから僕は音楽を辞めた,ヨルシカ
大人 に なっ たら わかっ た よ,だから僕は音楽を辞めた,ヨルシカ
何 も し て ない さ,だから僕は音楽を辞めた,ヨルシカ
幸せ な 顔 し た 人 が 憎い の は どう 割り切っ たら いい ん だ,だから僕は音楽を辞めた,ヨルシカ
満たさ れ ない 頭 の 奥 の 化け物 みたい な 劣等 感,だから僕は音楽を辞めた,ヨルシカ
間違っ て ない よ,だから僕は音楽を辞めた,ヨルシカ
なぁ 、 何だかんだ あん たら 人間 だ,だから僕は音楽を辞めた,ヨルシカ
愛 も 救い も 優し さ も 根拠 が ない なんて 気味が悪い よ,だから僕は音楽を辞めた,ヨルシカ
ラブソング なんか が 痛い の だって 防衛 本能 だ,だから僕は音楽を辞めた,ヨルシカ
どう でも いい か あんた の せい だ,だから僕は音楽を辞めた,ヨルシカ
考え た って わから ない し,だから僕は音楽を辞めた,ヨルシカ
生き てる だけ でも 苦しい し,だから僕は音楽を辞めた,ヨルシカ
音楽 とか 儲から ない し,だから僕は音楽を辞めた,ヨルシカ
歌詞 とか 適当 でも いい よ,だから僕は音楽を辞めた,ヨルシカ
どう でも いい ん だ,だから僕は音楽を辞めた,ヨルシカ
間違っ て ない だろ,だから僕は音楽を辞めた,ヨルシカ
間違っ て ない よ な,だから僕は音楽を辞めた,ヨルシカ
間違っ てる ん だ よ わかっ てる ん だ,だから僕は音楽を辞めた,ヨルシカ
あん たら 人間 も,だから僕は音楽を辞めた,ヨルシカ
本当 も 愛 も 救い も 優し さ も 人生 も どう でも いい ん だ,だから僕は音楽を辞めた,ヨルシカ
正しい 答え が 言え ない の だって 防衛 本能 だ,だから僕は音楽を辞めた,ヨルシカ
どう でも いい や あんた の せい だ,だから僕は音楽を辞めた,ヨルシカ
僕 だって 信念 が あっ た,だから僕は音楽を辞めた,ヨルシカ
今 じゃ 塵 みたい な 想い だ,だから僕は音楽を辞めた,ヨルシカ
何 度 でも 君 を 書い た,だから僕は音楽を辞めた,ヨルシカ
売れる こと こそ が どう で も よかっ た ん だ,だから僕は音楽を辞めた,ヨルシカ
本当 だ 本当 な ん だ 昔 は そう だっ た,だから僕は音楽を辞めた,ヨルシカ
だから 僕 は 音楽 を 辞め た,だから僕は音楽を辞めた,ヨルシカ
もう 忘れ て しまっ た か な,花に亡霊,ヨルシカ
夏 の 木陰 に 座っ た まま 、 氷菓 を 口 に 放り込ん で 風 を 待っ て い た,花に亡霊,ヨルシカ
もう 忘れ て しまっ た か な 世の中 の 全部 嘘 だらけ,花に亡霊,ヨルシカ
本当 の 価値 を 二 人 で 探し に 行こ う と 笑っ た こと,花に亡霊,ヨルシカ
忘れ ない よう に 色褪せ ない よう に,花に亡霊,ヨルシカ
形 に 残る もの が 全て じゃ ない よう に,花に亡霊,ヨルシカ
言葉 を もっと 教え て 夏 が 来る って 教え て,花に亡霊,ヨルシカ
僕 は 描い てる 眼 に 映っ た の は 夏 の 亡霊 だ,花に亡霊,ヨルシカ
風 に スカート が 揺れ て 想い出 なんて 忘れ て,花に亡霊,ヨルシカ
浅い 呼吸 を する 、 汗 を 拭っ て 夏めく,花に亡霊,ヨルシカ
もう 忘れ て しまっ た か な,花に亡霊,ヨルシカ
夏 の 木陰 に 座っ た 頃 、 遠く の 丘 から 顔出し た 雲 が あっ た じゃ ない か,花に亡霊,ヨルシカ
君 は それ を 掴も う として 、 馬鹿 みたい に 空 を 切っ た 手 で,花に亡霊,ヨルシカ
僕 は 紙 に 雲 一つ を 書い て 、 笑っ て 握っ て 見せ て,花に亡霊,ヨルシカ
忘れ ない よう に,花に亡霊,ヨルシカ
色褪せ ない よう に,花に亡霊,ヨルシカ
歴史 に 残る もの が 全て じゃ ない から,花に亡霊,ヨルシカ
今 だけ 顔 も 失 くし て,花に亡霊,ヨルシカ
言葉 も 全部 忘れ て,花に亡霊,ヨルシカ
君 は 笑っ てる,花に亡霊,ヨルシカ
夏 を 待っ て いる 僕ら 亡霊 だ,花に亡霊,ヨルシカ
心 を もっと 教え て,花に亡霊,ヨルシカ
夏 の 匂い を 教え て,花に亡霊,ヨルシカ
浅い 呼吸 を する,花に亡霊,ヨルシカ
忘れ ない よう に,花に亡霊,ヨルシカ
色褪せ ない よう に,花に亡霊,ヨルシカ
心 に 響く もの が 全て じゃ ない から,花に亡霊,ヨルシカ
言葉 を もっと 教え て,花に亡霊,ヨルシカ
さよなら だって 教え て,花に亡霊,ヨルシカ
今 も 見る ん だ よ,花に亡霊,ヨルシカ
夏 に 咲い てる 花 に 亡霊 を,花に亡霊,ヨルシカ
言葉 じゃ なく て 時間 を,花に亡霊,ヨルシカ
時間 じゃ なく て 心 を,花に亡霊,ヨルシカ
浅い 呼吸 を する 、 汗 を 拭っ て 夏めく,花に亡霊,ヨルシカ
夏 の 匂い が する,花に亡霊,ヨルシカ
もう 忘れ て しまっ た か な,花に亡霊,ヨルシカ
夏 の 木陰 に 座っ た まま 、 氷菓 を 口 に 放り込ん で 風 を 待っ て い た,花に亡霊,ヨルシカ
高架 橋 を 抜け たら 雲 の 隙間 に 青 が 覗い た,春泥棒,ヨルシカ
最近 どうも 暑い から ただ 風 が 吹く の を 待っ て た,春泥棒,ヨルシカ
木陰 に 座る,春泥棒,ヨルシカ
何 か 頬 に 付く,春泥棒,ヨルシカ
見上げれ ば 頭上 に 咲い て 散る,春泥棒,ヨルシカ
はら り 、 僕ら もう 息 も 忘れ て,春泥棒,ヨルシカ
瞬き さえ 億劫,春泥棒,ヨルシカ
さぁ 、 今日 さえ 明日 過去 に 変わる,春泥棒,ヨルシカ
ただ 風 を 待つ,春泥棒,ヨルシカ
だから 僕ら もう 声 も 忘れ て,春泥棒,ヨルシカ
さよなら さえ 億劫,春泥棒,ヨルシカ
ただ 花 が 降る だけ 晴れ り,春泥棒,ヨルシカ
今 、 春 吹雪,春泥棒,ヨルシカ
次 の 日 も 待ち合わせ,春泥棒,ヨルシカ
花見 の 客 も 少なく なっ た,春泥棒,ヨルシカ
春 の 匂い は もう 止む,春泥棒,ヨルシカ
今年 も 夏 が 来る の か,春泥棒,ヨルシカ
高架 橋 を 抜け たら 道 の 先 に 君 が 覗い た,春泥棒,ヨルシカ
残り は どれ だけ か な,春泥棒,ヨルシカ
どれ だけ 春 に 会える だろ う,春泥棒,ヨルシカ
川 沿い の 丘 、 木陰 に 座る,春泥棒,ヨルシカ
また 昨日 と 変わら ず 今日 も 咲く 花 に 、,春泥棒,ヨルシカ
僕ら もう 息 も 忘れ て,春泥棒,ヨルシカ
瞬き さえ 億劫,春泥棒,ヨルシカ
花 散ら せ 今 吹く この 嵐 は,春泥棒,ヨルシカ
まさに 春泥 棒,春泥棒,ヨルシカ
風 に 今日 も もう 時 が 流れ て,春泥棒,ヨルシカ
立つ こと さえ 億劫,春泥棒,ヨルシカ
花 の 隙間 に 空 、 散れ り,春泥棒,ヨルシカ
まだ 、 春 吹雪,春泥棒,ヨルシカ
今日 も 会い に 行く,春泥棒,ヨルシカ
木陰 に 座る,春泥棒,ヨルシカ
溜息 を 吐く,春泥棒,ヨルシカ
花 も もう 終わる,春泥棒,ヨルシカ
明日 も 会い に 行く,春泥棒,ヨルシカ
春 が もう 終わる,春泥棒,ヨルシカ
名 残る よう に 時間 が 散っ て いく,春泥棒,ヨルシカ
愛 を 歌え ば 言葉 足らず,春泥棒,ヨルシカ
踏む 韻 さえ 億劫,春泥棒,ヨルシカ
花開い た 今 を 言葉 如き が 語れる もの か,春泥棒,ヨルシカ
はら り 、 僕ら もう 声 も 忘れ て,春泥棒,ヨルシカ
瞬き さえ 億劫,春泥棒,ヨルシカ
花見 は 僕ら だけ,春泥棒,ヨルシカ
散る な まだ 、 春 吹雪,春泥棒,ヨルシカ
あと もう少し だけ,春泥棒,ヨルシカ
もう 数え られる だけ,春泥棒,ヨルシカ
あと 花 二つ だけ,春泥棒,ヨルシカ
もう 花 一つ だけ,春泥棒,ヨルシカ
ただ 葉 が 残る だけ 、 はら り,春泥棒,ヨルシカ
今 、 春 仕舞い,春泥棒,ヨルシカ
貴方 は 風 の よう に,晴る,ヨルシカ
目 を 閉じ て は 夕暮れ,晴る,ヨルシカ
何 を 思っ て いる ん だろ う か,晴る,ヨルシカ
目 蓋 を 開い て い た,晴る,ヨルシカ
貴方 の 目 は ビイドロ,晴る,ヨルシカ
少し だけ 晴 る の 匂い が し た,晴る,ヨルシカ
晴れ に 晴れ 、 花 よ 咲け,晴る,ヨルシカ
咲い て 晴 る の せい,晴る,ヨルシカ
降り 止め ば 雨 で さえ,晴る,ヨルシカ
貴方 を 飾る 晴 る,晴る,ヨルシカ
胸 を 打つ 音 よ 凪げ,晴る,ヨルシカ
僕ら 晴 る 風,晴る,ヨルシカ
あの 雲 も 越え て ゆけ,晴る,ヨルシカ
遠く まだ 遠く まで,晴る,ヨルシカ
貴方 は 晴れ 模様 に,晴る,ヨルシカ
目 を 閉じ て は 青色,晴る,ヨルシカ
何 が 悲しい の だろ う か,晴る,ヨルシカ
目 蓋 を 開い て いる,晴る,ヨルシカ
貴方 の 目 に ビイドロ,晴る,ヨルシカ
今 少し 雨 の 匂い が し た,晴る,ヨルシカ
泣き に 泣け 、 空 よ 泣け,晴る,ヨルシカ
泣い て 雨 の せい,晴る,ヨルシカ
降り頻る 雨 で さえ,晴る,ヨルシカ
雲の上 で は 晴 る,晴る,ヨルシカ
土 を 打つ 音 よ 鳴れ,晴る,ヨルシカ
僕ら 春 荒れ,晴る,ヨルシカ
あの 海 も 越え て ゆく,晴る,ヨルシカ
遠く まだ 遠く まで,晴る,ヨルシカ
通り雨 草 を 靡か せ,晴る,ヨルシカ
羊 雲 あれ も 春 の せい,晴る,ヨルシカ
風 の よう 胸 に 春 乗せ,晴る,ヨルシカ
晴 る を 待つ,晴る,ヨルシカ
晴れ に 晴れ 、 空 よ 裂け,晴る,ヨルシカ
裂い て 春 の せい,晴る,ヨルシカ
降り 止め ば 雨 で さえ,晴る,ヨルシカ
貴方 を 飾る 晴 る,晴る,ヨルシカ
胸 を 打つ 音 奏 で,晴る,ヨルシカ
僕ら 春風,晴る,ヨルシカ
音 に 聞く 晴 る の 風,晴る,ヨルシカ
さぁ この 歌 よ 凪げ ！,晴る,ヨルシカ
晴れ に 晴れ 、 花 よ 咲け,晴る,ヨルシカ
咲い て 春 の せい,晴る,ヨルシカ
あの 雲 も 越え て ゆけ,晴る,ヨルシカ
遠く まだ 遠く まで,晴る,ヨルシカ
